{
  "inpatient_premiums": {
    "18-40": {
      "plan1": {
        "principal": 9500,
        "spouse": 5700,
        "children": 2500
      },
      "plan2": {
        "principal": 11500,
        "spouse": 6900,
        "children": 3500
      },
      "plan3": {
        "principal": 13000,
        "spouse": 6900,
        "children": 4500
      },
      "plan4": {
        "principal": 14500,
        "spouse": 8700,
        "children": 5500
      }
    },
    "40-60": {
      "plan1": {
        "principal": 11500,
        "spouse": 6325,
        "children": 2500
      },
      "plan2": {
        "principal": 13000,
        "spouse": 7150,
        "children": 3500
      },
      "plan3": {
        "principal": 14500,
        "spouse": 7975,
        "children": 4500
      },
      "plan4": {
        "principal": 16800,
        "spouse": 9240,
        "children": 5500
      }
    },
    "60-65": {
      "plan1": {
        "principal": 19300,
        "spouse": 10615,
        "children": 2500
      },
      "plan2": {
        "principal": 21700,
        "spouse": 11935,
        "children": 3500
      },
      "plan3": {
        "principal": 24350,
        "spouse": 13393,
        "children": 4500
      },
      "plan4": {
        "principal": 26200,
        "spouse": 14410,
        "children": 5500
      }
    }
  },
  "inpatient_benefits": {
    "plan1": {
      "cover_limit": 300000,
      "chronic_preExisting_psych": 50
    },
    "plan2": {
      "cover_limit": 500000,
      "chronic_preExisting_psych": 50
    },
    "plan3": {
      "cover_limit": 800000,
      "chronic_preExisting_psych": 50
    },
    "plan4": {
      "cover_limit": 1000000,
      "chronic_preExisting_psych": 50
    }
  },
  "outpatient_premiums":{

  },
  "outpatient_benefits":{
    
  }
}
