{
  "rates": [
    {
      "companyName": "Spire",
      "motorcycles": {
        "comprehensive": 7574,
        "thirdParty": 3554
      },
      "motorPrivate": {
        "comprehensive": 6,
        "thirdParty": 7574
      },
      "motorCommercial": {
        "comprehensive": 6,
        "thirdParty": 7574,
        "ownGoods": 4.75,
        "generalCartage": 5.25,
        "passengers": 6
      },
      "heavyMachinery": {
        "comprehensive": 5.25,
        "thirdParty": 7574
      },
      "tankers": {
        "comprehensive": 8,
        "thirdParty": 7574
      },
      "PMO": {
        "comprehensive": 4,
        "thirdParty": 7574
      },
      "specialTypes": {
        "comprehensive": 8,
        "thirdParty": 7574
      },
      "PSV": {
        "comprehensive": 8,
        "thirdParty": 7574
      },
      "drivingSchools": {
        "comprehensive": 9,
        "thirdParty": 7574
      }
    },
    {
      "companyName": "Alternative 1",
      "motorcycles": {
        "comprehensive": 8500,
        "thirdParty": 3554
      },
      "motorPrivate": {
        "comprehensive": 9,
        "thirdParty": 8500
      },
      "motorCommercial": {
        "comprehensive": 9,
        "thirdParty": 8500,
        "ownGoods": 4.75,
        "generalCartage": 5.25,
        "passengers": 6
      },
      "heavyMachinery": {
        "comprehensive": 5.25,
        "thirdParty": 8500
      },
      "tankers": {
        "comprehensive": 8,
        "thirdParty": 8500
      },
      "PMO": {
        "comprehensive": 4,
        "thirdParty": 8500
      },
      "specialTypes": {
        "comprehensive": 8,
        "thirdParty": 8500
      },
      "PSV": {
        "comprehensive": 8,
        "thirdParty": 8500
      },
      "drivingSchools": {
        "comprehensive": 9,
        "thirdParty": 8500
      }
    },
    {
      "companyName": "Alternative 2",
      "motorcycles": {
        "comprehensive": 7950,
        "thirdParty": 3554
      },
      "motorPrivate": {
        "comprehensive": 7.5,
        "thirdParty": 7950
      },
      "motorCommercial": {
        "comprehensive": 7.5,
        "thirdParty": 7950,
        "ownGoods": 4.75,
        "generalCartage": 5.25,
        "passengers": 6
      },
      "heavyMachinery": {
        "comprehensive": 5.25,
        "thirdParty": 7950
      },
      "tankers": {
        "comprehensive": 7.5,
        "thirdParty": 7950
      },
      "PMO": {
        "comprehensive": 4,
        "thirdParty": 7950
      },
      "specialTypes": {
        "comprehensive": 7.5,
        "thirdParty": 7950
      },
      "PSV": {
        "comprehensive": 7.5,
        "thirdParty": 7950
      },
      "drivingSchools": {
        "comprehensive": 9,
        "thirdParty": 7950
      }
    }
  ]
}
